<?xml version="1.0" encoding="UTF-8"?>
<project-private xmlns="http://www.netbeans.org/ns/project-private/1">
    <editor-bookmarks xmlns="http://www.netbeans.org/ns/editor-bookmarks/2" lastBookmarkId="0"/>
    <open-files xmlns="http://www.netbeans.org/ns/projectui-open-files/2">
        <group>
            <file>file:/C:/Users/joaovjc/Documents/NetBeansProjects/ProjExercicioDeFix/src/br/com/QI/nota/TesteTurma.java</file>
            <file>file:/C:/Users/joaovjc/Documents/NetBeansProjects/ProjExercicioDeFix/src/br/com/QI/nota/Turma.java</file>
            <file>file:/C:/Users/joaovjc/Documents/NetBeansProjects/ProjExercicioDeFix/src/br/com/QI/nota/Aluno.java</file>
            <file>file:/C:/Users/joaovjc/Documents/NetBeansProjects/ProjExercicioDeFix/src/br/com/QI/nota/TesteAlunos.java</file>
        </group>
    </open-files>
</project-private>
